{"cameraMode":{"drawMode":0,"name":"Shaded","section":"Shading Mode"},"sceneLighting":true,"audioPlay":false,"sceneViewState":{"m_AlwaysRefresh":false,"showFog":true,"showSkybox":true,"showFlares":true,"showImageEffects":true,"showParticleSystems":true,"showVisualEffectGraphs":true,"m_FxEnabled":true},"in2DMode":false,"pivot":{"x":-1.7170844078063965,"y":0.055024534463882449,"z":-0.19215118885040284},"rotation":{"x":-0.2731056809425354,"y":0.004343758802860975,"z":-0.0012173183495178819,"w":-0.9620199203491211},"size":0.6442905068397522,"orthographic":false}