{"cameraMode":{"drawMode":0,"name":"Shaded","section":"Shading Mode"},"sceneLighting":true,"audioPlay":false,"sceneViewState":{"m_AlwaysRefresh":false,"showFog":true,"showSkybox":true,"showFlares":true,"showImageEffects":true,"showParticleSystems":true,"showVisualEffectGraphs":true,"m_FxEnabled":true},"in2DMode":false,"pivot":{"x":-1.39436674118042,"y":0.11388066411018372,"z":-0.12105716019868851},"rotation":{"x":-0.369307279586792,"y":0.039866991341114047,"z":-0.015842732042074205,"w":-0.9283672571182251},"size":0.9616653919219971,"orthographic":false}